Year,Month,MeanTemperature,Error
1753,01,2.0,3.4
1753,02,0.7,6.3
1753,03,5.4,2.9
1753,04,8.2,3.1
1753,05,12.1,3.1
1753,06,14.5,2.5
1753,07,15.0,1.9
1753,08,14.1,2.4
1753,09,13.3,2.5
1753,10,8.9,2.5
1753,11,5.3,2.8
1753,12,0.5,4.1
1754,01,1.5,5.0
1754,02,-1.2,7.4
1754,03,3.6,3.3
1754,04,11.6,3.2
1754,05,11.9,3.9
1754,06,14.3,3.3
1754,07,14.6,2.4
1754,08,13.5,1.8
1754,09,11.1,2.3
1754,10,9.5,2.5
1754,11,6.1,3.0
1754,12,4.5,3.2
1755,01,1.0,4.6
1755,02,-0.1,5.8
1755,03,3.6,3.9
1755,04,9.2,3.3
1755,05,12.8,4.1
1755,06,15.3,5.3
1755,07,14.3,1.9
1755,08,13.5,2.3
1755,09,11.7,3.4
1755,10,9.9,3.9
1755,11,5.9,4.0
1755,12,2.5,3.2
1756,01,3.8,3.5
1756,02,5.6,4.2
1756,03,4.1,5.5
1756,04,10.0,3.7
1756,05,14.1,2.6
1756,06,14.5,3.2
1756,07,13.9,2.1
1756,08,13.4,2.1
1756,09,12.6,2.9
1756,10,7.3,2.2
1756,11,4.2,2.8
1756,12,2.1,3.8
1757,01,-0.2,4.0
1757,02,3.7,4.2
1757,03,4.5,3.6
1757,04,8.2,4.3
1757,05,13.0,4.9
1757,06,17.1,4.5
1757,07,17.6,4.3
1757,08,17.9,4.0
1757,09,14.8,3.1
1757,10,6.4,3.1
1757,11,4.0,2.6
1757,12,1.0,5.1
1758,01,-1.5,7.3
1758,02,0.8,3.7
1758,03,3.7,3.3
1758,04,7.2,2.9
1758,05,9.7,3.0
1758,06,13.1,2.0
1758,07,13.8,3.6
1758,08,11.8,2.9
1758,09,10.0,2.3
1758,10,1.8,2.3
1758,11,6.9,3.2
1758,12,3.2,3.2
1759,01,5.0,3.6
1759,02,4.0,5.9
1759,03,4.5,3.9
1759,04,5.9,3.1
1759,05,10.1,2.5
1759,06,13.5,2.2
1759,07,12.5,2.6
1759,08,14.5,5.6
1759,09,12.6,3.2
1759,10,8.2,2.9
1759,11,4.2,3.1
1759,12,0.2,4.9
1760,01,-0.8,4.5
1760,02,2.4,3.5
1760,03,1.8,4.6
1760,04,7.4,2.6
1760,05,10.6,1.8
1760,06,11.9,2.1
1760,07,12.8,2.5
1760,08,13.9,2.7
1760,09,11.1,3.8
1760,10,6.7,3.4
1760,11,5.4,2.3
1760,12,2.5,2.6
1761,01,0.6,4.7
1761,02,2.7,3.7
1761,03,5.9,3.2
1761,04,7.3,1.6
1761,05,13.4,1.7
1761,06,16.8,3.1
1761,07,19.0,2.6
1761,08,15.3,2.0
1761,09,12.5,4.0
1761,10,7.2,3.9
1761,11,5.0,2.2
1761,12,-0.8,4.4
1762,01,6.8,3.7
1762,02,4.8,7.8
1762,03,3.5,4.1
1762,04,9.0,2.1
1762,05,10.8,3.0
1762,06,13.4,3.3
1762,07,14.7,1.9
1762,08,13.9,3.3
1762,09,10.3,3.2
1762,10,6.1,2.8
1762,11,6.3,3.3
1762,12,3.1,3.1
1763,01,1.3,6.4
1763,02,0.7,4.1
1763,03,1.5,4.6
1763,04,7.8,2.2
1763,05,10.7,2.7
1763,06,12.2,2.2
1763,07,16.3,1.7
1763,08,14.1,2.1
1763,09,11.3,2.8
1763,10,5.5,2.9
1763,11,4.5,2.0
1763,12,3.3,3.6
1764,01,1.7,3.6
1764,02,6.1,2.8
1764,03,5.5,2.4
1764,04,7.8,3.1
1764,05,11.1,4.5
1764,06,11.7,1.7
1764,07,12.5,3.2
1764,08,12.2,1.2
1764,09,10.6,2.2
1764,10,10.0,2.5
1764,11,5.7,2.8
1764,12,5.3,2.8
1765,01,3.7,4.9
1765,02,3.8,3.1
1765,03,6.8,2.4
1765,04,9.0,1.4
1765,05,10.7,1.9
1765,06,10.8,1.4
1765,07,13.9,2.3
1765,08,13.1,1.8
1765,09,10.9,1.7
1765,10,7.9,1.5
1765,11,5.6,3.7
1765,12,2.3,2.5
1766,01,-0.7,4.7
1766,02,4.8,3.7
1766,03,6.0,2.8
1766,04,8.0,2.0
1766,05,11.2,1.5
1766,06,13.6,3.7
1766,07,13.5,2.3
1766,08,13.7,2.5
1766,09,12.2,2.8
1766,10,8.4,1.4
1766,11,7.4,3.7
1766,12,2.3,2.2
1767,01,-0.6,5.6
1767,02,3.9,4.9
1767,03,7.0,4.4
1767,04,6.2,3.5
1767,05,10.1,1.5
1767,06,14.1,1.4
1767,07,13.3,2.5
1767,08,14.5,1.4
1767,09,11.6,2.3
1767,10,9.0,1.6
1767,11,7.9,3.7
1767,12,1.1,2.2
1768,01,-2.0,3.0
1768,02,0.5,3.0
1768,03,2.4,2.1
1768,04,6.9,1.8
1768,05,9.0,2.4
1768,06,12.4,1.7
1768,07,13.8,2.5
1768,08,12.3,2.0
1768,09,10.8,1.5
1768,10,7.7,2.5
1768,11,4.5,2.0
1768,12,2.6,2.2
1769,01,2.3,3.7
1769,02,2.1,2.5
1769,03,4.5,2.2
1769,04,8.9,3.1
1769,05,12.8,1.7
1769,06,15.1,1.7
1769,07,14.4,3.6
1769,08,13.4,1.6
1769,09,11.2,1.5
1769,10,5.2,2.3
1769,11,2.7,2.2
1769,12,-0.9,2.2
1770,01,1.9,4.2
1770,02,4.1,4.1
1770,03,1.6,2.2
1770,04,9.7,3.5
1770,05,9.9,1.2
1770,06,11.8,3.3
1770,07,11.6,2.6
1770,08,11.4,3.1
1770,09,10.7,1.5
1770,10,8.6,1.6
1770,11,5.7,2.7
1770,12,4.7,2.8
1771,01,5.1,4.2
1771,02,-0.2,3.2
1771,03,2.8,3.2
1771,04,5.7,2.6
1771,05,9.6,3.0
1771,06,14.1,1.4
1771,07,13.8,1.4
1771,08,14.2,2.2
1771,09,11.3,1.5
1771,10,10.3,1.7
1771,11,4.9,2.9
1771,12,2.5,3.5
1772,01,1.2,4.6
1772,02,1.4,5.9
1772,03,3.0,2.2
1772,04,8.8,1.5
1772,05,9.5,1.8
1772,06,12.6,2.4
1772,07,14.5,1.4
1772,08,14.0,1.6
1772,09,10.3,1.3
1772,10,9.2,1.3
1772,11,7.7,2.5
1772,12,5.5,2.6
1773,01,-0.4,2.9
1773,02,1.4,3.0
1773,03,4.4,2.0
1773,04,9.4,2.0
1773,05,12.7,2.5
1773,06,12.8,1.2
1773,07,14.4,1.0
1773,08,13.6,1.1
1773,09,12.4,1.6
1773,10,9.2,1.8
1773,11,3.3,4.8
1773,12,5.0,3.7
1774,01,-0.3,4.5
1774,02,4.9,5.1
1774,03,5.6,2.7
1774,04,10.1,3.8
1774,05,16.0,2.5
1774,06,15.3,3.8
1774,07,16.5,3.8
1774,08,14.0,1.9
1774,09,10.9,2.1
1774,10,8.5,2.6
1774,11,3.0,4.4
1774,12,0.3,3.2
1775,01,4.2,3.4
1775,02,6.4,3.1
1775,03,7.7,2.3
1775,04,7.9,1.5
1775,05,11.3,1.8
1775,06,12.3,2.8
1775,07,14.7,1.0
1775,08,14.4,1.0
1775,09,11.0,1.4
1775,10,10.3,2.1
1775,11,8.1,4.5
1775,12,1.2,2.4
1776,01,-0.8,4.4
1776,02,4.8,3.7
1776,03,4.6,2.3
1776,04,7.4,1.4
1776,05,10.4,5.2
1776,06,14.5,2.4
1776,07,14.1,1.3
1776,08,14.8,3.4
1776,09,10.6,2.0
1776,10,8.0,2.1
1776,11,5.8,2.7
1776,12,5.0,2.9
1777,01,6.0,3.1
1777,02,4.9,5.2
1777,03,5.5,2.3
1777,04,6.3,1.4
1777,05,11.3,2.1
1777,06,12.3,1.6
1777,07,12.7,1.0
1777,08,12.8,1.2
1777,09,11.3,2.6
1777,10,6.9,3.4
1777,11,5.5,2.2
1777,12,3.0,2.7
1778,01,2.5,3.5
1778,02,6.0,3.5
1778,03,4.6,4.1
1778,04,10.9,1.6
1778,05,11.2,1.6
1778,06,11.7,3.9
1778,07,15.0,2.2
1778,08,12.8,2.6
1778,09,13.3,2.3
1778,10,8.0,3.6
1778,11,3.8,2.6
1778,12,2.1,2.3
1779,01,1.4,2.8
1779,02,5.1,4.9
1779,03,6.9,3.0
1779,04,9.9,3.0
1779,05,14.1,1.8
1779,06,12.5,2.1
1779,07,13.6,1.8
1779,08,13.7,1.4
1779,09,12.6,1.8
1779,10,9.3,1.5
1779,11,5.7,2.2
1779,12,2.2,3.2
1780,01,2.5,3.4
1780,02,4.0,3.1
1780,03,5.7,2.3
1780,04,13.7,3.0
1780,05,15.7,1.4
1780,06,14.7,2.9
1780,07,16.1,1.3
1780,08,12.9,3.1
1780,09,8.8,2.1
1780,10,9.3,1.8
1780,11,6.7,2.5
1780,12,2.5,3.5
1781,01,2.4,4.9
1781,02,2.2,3.5
1781,03,4.7,2.4
1781,04,6.9,2.0
1781,05,11.1,1.8
1781,06,11.6,1.3
1781,07,14.2,1.6
1781,08,14.1,1.0
1781,09,10.3,3.6
1781,10,8.5,1.2
1781,11,7.5,1.6
1781,12,3.2,4.4
1782,01,0.3,3.5
1782,02,0.6,4.8
1782,03,2.5,2.2
1782,04,8.6,2.1
1782,05,10.9,1.4
1782,06,13.8,1.5
1782,07,13.9,2.9
1782,08,15.6,2.4
1782,09,12.3,1.7
1782,10,8.9,1.8
1782,11,4.9,2.4
1782,12,1.9,3.3
1783,01,-1.4,5.2
1783,02,5.2,3.6
1783,03,4.7,2.5
1783,04,8.5,1.5
1783,05,11.8,2.9
1783,06,14.3,1.5
1783,07,13.0,1.3
1783,08,13.9,1.6
1783,09,9.9,1.4
1783,10,7.3,2.6
1783,11,2.1,2.2
1783,12,2.2,3.1
1784,01,2.5,3.3
1784,02,0.9,2.8
1784,03,3.9,3.2
1784,04,8.1,1.2
1784,05,10.0,1.5
1784,06,12.8,1.8
1784,07,14.9,1.8
1784,08,15.8,2.5
1784,09,10.2,1.0
1784,10,6.8,1.6
1784,11,4.5,2.5
1784,12,3.4,3.3
1785,01,0.8,2.7
1785,02,1.0,2.4
1785,03,2.2,4.2
1785,04,6.3,1.4
1785,05,9.8,2.0
1785,06,13.7,2.6
1785,07,14.4,2.2
1785,08,14.4,2.0
1785,09,10.4,1.1
1785,10,7.3,1.7
1785,11,5.5,2.2
1785,12,1.8,1.9
1786,01,0.7,2.4
1786,02,2.6,2.4
1786,03,5.6,2.2
1786,04,9.3,3.0
1786,05,11.5,2.3
1786,06,13.0,1.2
1786,07,15.2,2.3
1786,08,14.4,3.3
1786,09,12.1,2.9
1786,10,7.7,1.4
1786,11,5.7,3.8
1786,12,0.7,2.5
1787,01,2.8,3.1
1787,02,2.5,2.8
1787,03,4.6,3.1
1787,04,7.7,1.5
1787,05,11.4,1.3
1787,06,14.3,2.0
1787,07,13.4,2.4
1787,08,13.5,1.4
1787,09,10.3,1.5
1787,10,7.7,3.3
1787,11,5.8,2.8
1787,12,1.7,2.6
1788,01,0.7,2.9
1788,02,3.5,4.0
1788,03,5.3,3.0
1788,04,8.7,2.6
1788,05,10.4,1.3
1788,06,13.8,1.2
1788,07,16.4,2.9
1788,08,13.8,1.5
1788,09,11.6,1.2
1788,10,9.3,2.1
1788,11,6.1,1.6
1788,12,1.2,5.8
1789,01,3.7,4.0
1789,02,1.6,2.5
1789,03,3.9,1.5
1789,04,7.6,1.5
1789,05,11.6,2.2
1789,06,13.5,1.0
1789,07,15.4,1.9
1789,08,13.8,1.2
1789,09,12.0,1.1
1789,10,7.3,1.8
1789,11,5.9,1.5
1789,12,3.0,1.6
1790,01,2.4,1.9
1790,02,2.9,2.5
1790,03,4.5,1.9
1790,04,6.0,2.3
1790,05,10.3,1.0
1790,06,13.7,1.2
1790,07,13.8,1.6
1790,08,13.9,1.2
1790,09,11.2,1.5
1790,10,8.5,1.2
1790,11,5.3,1.5
1790,12,2.7,2.8
1791,01,1.4,5.0
1791,02,3.4,2.4
1791,03,4.7,2.2
1791,04,9.1,1.6
1791,05,9.8,1.2
1791,06,13.2,1.3
1791,07,13.6,1.0
1791,08,13.7,0.8
1791,09,11.6,1.2
1791,10,8.0,1.0
1791,11,6.2,1.7
1791,12,3.5,1.5
1792,01,0.3,2.5
1792,02,3.6,2.4
1792,03,4.4,1.6
1792,04,7.9,1.3
1792,05,11.3,1.1
1792,06,13.5,1.4
1792,07,14.2,1.3
1792,08,12.2,1.3
1792,09,12.4,1.0
1792,10,8.0,1.3
1792,11,5.3,2.1
1792,12,3.3,2.5
1793,01,0.5,2.6
1793,02,4.7,2.6
1793,03,5.0,2.1
1793,04,8.6,1.9
1793,05,11.0,1.5
1793,06,13.1,1.9
1793,07,14.3,2.8
1793,08,13.1,1.7
1793,09,12.0,2.3
1793,10,8.3,1.6
1793,11,5.6,3.6
1793,12,2.0,2.2
1794,01,3.7,3.8
1794,02,3.6,5.1
1794,03,5.6,1.8
1794,04,9.3,1.2
1794,05,12.3,1.0
1794,06,11.9,1.1
1794,07,12.8,1.2
1794,08,13.4,0.9
1794,09,11.8,1.5
1794,10,9.1,1.2
1794,11,5.2,2.0
1794,12,2.9,2.2
1795,01,2.7,2.5
1795,02,4.3,3.3
1795,03,5.7,1.9
1795,04,8.9,1.8
1795,05,11.0,2.4
1795,06,13.2,0.9
1795,07,14.2,2.1
1795,08,13.1,1.1
1795,09,11.1,1.3
1795,10,7.7,2.2
1795,11,5.2,2.2
1795,12,2.5,2.2
1796,01,2.8,2.0
1796,02,2.7,2.0
1796,03,3.4,2.0
1796,04,7.7,1.1
1796,05,11.2,0.9
1796,06,14.2,2.9
1796,07,14.3,0.9
1796,08,14.7,2.7
1796,09,12.0,1.9
1796,10,8.9,1.2
1796,11,5.7,1.4
1796,12,1.2,3.4
1797,01,4.3,2.3
1797,02,4.9,2.5
1797,03,4.0,2.9
1797,04,6.6,3.3
1797,05,10.4,2.4
1797,06,13.8,1.0
1797,07,14.1,1.6
1797,08,14.0,1.7
1797,09,12.4,1.7
1797,10,9.1,1.3
1797,11,4.7,1.7
1797,12,3.2,1.7
1798,01,2.6,1.9
1798,02,3.2,2.0
1798,03,7.0,2.5
1798,04,8.0,1.8
1798,05,11.7,2.0
1798,06,13.2,0.7
1798,07,14.9,1.2
1798,08,14.7,2.0
1798,09,11.6,1.6
1798,10,8.6,1.0
1798,11,6.0,2.6
1798,12,2.0,2.9
1799,01,1.9,2.2
1799,02,2.0,2.8
1799,03,3.9,1.5
1799,04,8.7,2.5
1799,05,11.3,1.5
1799,06,13.6,0.8
1799,07,14.8,1.3
1799,08,14.0,1.0
1799,09,12.3,1.3
1799,10,9.6,1.3
1799,11,5.9,1.8
1799,12,3.4,2.1
1800,01,2.8,1.8
1800,02,3.6,2.6
1800,03,4.4,2.6
1800,04,9.1,2.1
1800,05,11.0,1.7
1800,06,13.6,1.1
1800,07,13.7,0.9
1800,08,13.6,1.4
1800,09,10.7,1.6
1800,10,9.4,1.6
1800,11,5.5,1.2
1800,12,3.8,1.6
1801,01,2.6,1.9
1801,02,3.1,2.0
1801,03,6.4,1.3
1801,04,7.4,1.6
1801,05,12.1,1.5
1801,06,12.5,0.8
1801,07,14.6,1.5
1801,08,13.1,1.2
1801,09,11.4,1.3
1801,10,9.0,1.2
1801,11,5.7,1.6
1801,12,4.5,2.5
1802,01,3.7,1.9
1802,02,2.8,2.0
1802,03,5.2,2.7
1802,04,7.6,1.4
1802,05,10.4,1.8
1802,06,14.4,1.2
1802,07,14.6,1.1
1802,08,14.0,1.5
1802,09,11.7,2.1
1802,10,9.7,1.6
1802,11,5.5,2.1
1802,12,2.8,2.3
1803,01,0.6,2.0
1803,02,1.4,2.8
1803,03,4.8,2.0
1803,04,9.2,1.9
1803,05,11.7,0.8
1803,06,13.8,0.7
1803,07,15.1,0.9
1803,08,15.3,1.2
1803,09,12.3,1.2
1803,10,9.1,1.4
1803,11,5.9,1.8
1803,12,2.3,2.2
1804,01,2.4,2.6
1804,02,1.9,2.2
1804,03,4.4,2.1
1804,04,10.0,1.1
1804,05,12.1,1.2
1804,06,13.7,1.5
1804,07,15.7,1.3
1804,08,14.5,1.0
1804,09,12.4,2.6
1804,10,9.2,1.2
1804,11,7.1,2.0
1804,12,2.2,2.5
1805,01,2.8,2.5
1805,02,2.5,2.4
1805,03,5.7,1.4
1805,04,8.1,1.2
1805,05,11.1,1.2
1805,06,14.0,1.3
1805,07,14.7,1.1
1805,08,15.2,1.0
1805,09,12.0,1.8
1805,10,7.6,1.6
1805,11,4.5,2.3
1805,12,4.1,1.9
1806,01,2.9,2.1
1806,02,2.9,2.0
1806,03,4.6,1.5
1806,04,8.0,1.7
1806,05,11.5,1.4
1806,06,12.4,0.8
1806,07,13.9,1.5
1806,08,14.5,1.3
1806,09,12.5,1.7
1806,10,8.4,1.1
1806,11,5.2,1.5
1806,12,3.9,1.7
1807,01,1.0,2.3
1807,02,4.0,2.6
1807,03,4.7,2.2
1807,04,6.9,1.2
1807,05,9.3,0.9
1807,06,13.2,1.2
1807,07,14.1,1.6
1807,08,13.7,1.5
1807,09,12.6,1.1
1807,10,8.8,1.1
1807,11,6.0,1.5
1807,12,4.4,1.2
1808,01,1.1,4.1
1808,02,2.1,2.1
1808,03,4.3,3.0
1808,04,7.4,1.4
1808,05,9.3,2.0
1808,06,13.4,1.5
1808,07,14.4,1.6
1808,08,13.0,1.2
1808,09,12.7,1.6
1808,10,7.9,1.4
1808,11,4.5,1.7
1808,12,0.8,1.7
1809,01,0.2,2.5
1809,02,0.8,2.8
1809,03,3.4,1.6
1809,04,7.8,2.4
1809,05,9.2,1.3
1809,06,12.9,1.3
1809,07,12.6,1.4
1809,08,12.9,1.6
1809,09,10.9,1.6
1809,10,8.6,3.5
1809,11,3.0,2.4
1809,12,2.0,2.5
1810,01,0.8,3.2
1810,02,2.3,2.4
1810,03,5.0,4.4
1810,04,6.5,2.2
1810,05,9.0,1.9
1810,06,11.9,2.2
1810,07,12.5,2.0
1810,08,12.0,1.2
1810,09,9.5,1.2
1810,10,6.6,1.9
1810,11,3.8,2.6
1810,12,2.6,2.0
1811,01,1.3,2.3
1811,02,0.4,3.4
1811,03,3.7,1.8
1811,04,6.3,1.4
1811,05,9.4,1.6
1811,06,12.1,1.7
1811,07,11.9,1.3
1811,08,13.3,2.2
1811,09,10.3,1.9
1811,10,6.5,2.8
1811,11,3.5,1.8
1811,12,3.1,2.4
1812,01,0.9,4.5
1812,02,0.1,3.0
1812,03,2.0,1.8
1812,04,6.9,1.9
1812,05,9.5,1.2
1812,06,12.0,1.1
1812,07,14.3,1.4
1812,08,15.0,1.7
1812,09,10.1,2.0
1812,10,7.5,1.7
1812,11,4.3,2.5
1812,12,1.3,2.1
1813,01,-1.3,2.1
1813,02,2.2,1.9
1813,03,1.5,1.6
1813,04,8.1,1.4
1813,05,11.3,3.8
1813,06,13.2,1.1
1813,07,14.5,0.8
1813,08,13.0,0.9
1813,09,12.3,1.7
1813,10,8.6,1.5
1813,11,6.8,1.3
1813,12,2.1,1.7
1814,01,1.5,2.6
1814,02,1.6,2.1
1814,03,2.6,2.2
1814,04,7.1,1.5
1814,05,9.4,2.3
1814,06,12.8,0.9
1814,07,12.5,1.8
1814,08,12.6,1.4
1814,09,10.6,1.3
1814,10,7.3,1.8
1814,11,6.7,3.4
1814,12,5.8,4.2
1815,01,2.0,2.0
1815,02,2.2,2.3
1815,03,3.6,2.3
1815,04,6.5,2.3
1815,05,9.8,1.8
1815,06,11.1,1.2
1815,07,14.3,2.3
1815,08,13.2,1.3
1815,09,11.1,1.5
1815,10,7.1,2.2
1815,11,4.1,1.7
1815,12,1.2,2.2
1816,01,2.7,2.7
1816,02,0.6,2.9
1816,03,3.9,1.9
1816,04,7.6,2.1
1816,05,10.5,1.8
1816,06,11.7,1.0
1816,07,12.2,1.5
1816,08,12.5,1.2
1816,09,10.3,0.7
1816,10,5.6,3.5
1816,11,4.0,3.8
1816,12,0.9,2.8
1817,01,1.5,2.4
1817,02,3.6,2.5
1817,03,4.5,2.1
1817,04,7.8,1.8
1817,05,9.4,1.3
1817,06,11.2,1.2
1817,07,12.0,1.0
1817,08,13.4,1.3
1817,09,8.8,1.1
1817,10,6.2,1.9
1817,11,4.6,1.6
1817,12,0.1,1.6
1818,01,1.2,1.7
1818,02,0.7,1.9
1818,03,5.5,2.1
1818,04,9.9,2.6
1818,05,11.2,1.4
1818,06,13.8,2.2
1818,07,13.5,1.9
1818,08,13.1,0.9
1818,09,10.5,1.0
1818,10,6.6,1.7
1818,11,5.0,2.8
1818,12,2.5,1.2
1819,01,1.0,1.9
1819,02,2.2,1.9
1819,03,2.9,2.9
1819,04,7.0,1.3
1819,05,9.8,1.1
1819,06,12.5,1.5
1819,07,13.0,1.1
1819,08,12.5,1.1
1819,09,10.8,1.0
1819,10,9.3,1.2
1819,11,5.1,1.6
1819,12,1.8,1.8
1820,01,1.2,3.9
1820,02,2.1,2.0
1820,03,4.6,1.9
1820,04,8.7,1.1
1820,05,11.6,1.2
1820,06,13.3,0.9
1820,07,13.3,1.3
1820,08,11.9,1.3
1820,09,11.1,1.1
1820,10,7.5,1.6
1820,11,4.4,1.0
1820,12,1.2,1.6
1821,01,2.9,1.5
1821,02,3.7,2.0
1821,03,5.4,1.2
1821,04,7.7,0.8
1821,05,11.3,1.3
1821,06,12.6,1.4
1821,07,13.0,1.2
1821,08,13.1,1.4
1821,09,10.1,1.2
1821,10,8.5,0.9
1821,11,5.6,1.8
1821,12,2.7,1.2
1822,01,2.7,2.4
1822,02,4.4,1.8
1822,03,7.7,2.0
1822,04,8.2,1.2
1822,05,10.4,1.1
1822,06,13.0,0.8
1822,07,14.2,1.0
1822,08,13.2,0.8
1822,09,10.6,0.8
1822,10,7.7,1.1
1822,11,4.5,1.3
1822,12,1.0,1.5
1823,01,1.7,1.7
1823,02,1.9,1.9
1823,03,5.0,1.1
1823,04,7.6,1.6
1823,05,10.5,0.9
1823,06,13.9,1.1
1823,07,14.1,1.0
1823,08,13.1,0.6
1823,09,10.1,1.0
1823,10,7.6,1.2
1823,11,4.5,2.0
1823,12,1.9,1.5
1824,01,2.6,1.4
1824,02,2.6,1.7
1824,03,5.3,1.3
1824,04,8.3,1.2
1824,05,11.1,1.1
1824,06,13.4,1.9
1824,07,14.8,2.1
1824,08,13.4,0.9
1824,09,11.5,1.5
1824,10,8.1,0.7
1824,11,5.8,1.1
1824,12,5.0,1.8
1825,01,3.2,1.9
1825,02,3.0,1.4
1825,03,5.3,1.6
1825,04,8.9,1.9
1825,05,10.7,1.3
1825,06,13.7,1.0
1825,07,14.0,1.1
1825,08,13.2,1.3
1825,09,11.1,0.9
1825,10,7.9,1.2
1825,11,6.0,2.4
1825,12,3.0,1.5
1826,01,1.8,1.6
1826,02,1.5,1.6
1826,03,4.8,1.6
1826,04,8.4,2.2
1826,05,11.8,0.8
1826,06,13.0,1.5
1826,07,14.4,1.1
1826,08,13.1,1.5
1826,09,11.1,1.7
1826,10,8.4,1.7
1826,11,6.6,1.1
1826,12,4.8,1.8
1827,01,3.5,2.3
1827,02,4.4,1.9
1827,03,6.1,1.3
1827,04,9.4,2.6
1827,05,11.8,1.3
1827,06,13.5,1.2
1827,07,14.6,0.6
1827,08,13.6,0.7
1827,09,10.8,0.6
1827,10,8.5,1.2
1827,11,6.2,1.2
1827,12,2.7,1.8
1828,01,0.5,2.0
1828,02,1.8,2.0
1828,03,5.7,1.8
1828,04,8.7,1.4
1828,05,11.2,1.4
1828,06,14.1,1.0
1828,07,14.3,1.7
1828,08,13.6,0.9
1828,09,10.0,1.0
1828,10,8.6,1.8
1828,11,5.9,1.7
1828,12,2.9,2.5
1829,01,2.0,1.9
1829,02,1.7,1.9
1829,03,5.0,1.2
1829,04,7.8,1.0
1829,05,11.3,1.1
1829,06,12.8,1.3
1829,07,14.2,0.9
1829,08,13.3,0.8
1829,09,10.5,0.7
1829,10,8.8,1.3
1829,11,5.0,1.4
1829,12,2.4,1.9
1830,01,2.9,2.3
1830,02,4.0,1.8
1830,03,4.4,1.3
1830,04,8.8,1.0
1830,05,10.2,1.0
1830,06,12.8,1.7
1830,07,14.9,1.8
1830,08,13.3,0.6
1830,09,10.5,1.0
1830,10,7.9,1.1
1830,11,7.4,1.7
1830,12,4.4,1.3
1831,01,2.1,2.2
1831,02,2.4,3.5
1831,03,4.5,1.6
1831,04,7.7,0.9
1831,05,10.9,1.2
1831,06,13.2,1.8
1831,07,13.5,1.1
1831,08,12.4,0.7
1831,09,9.9,0.9
1831,10,7.8,1.0
1831,11,4.4,1.3
1831,12,2.2,1.5
1832,01,1.7,1.7
1832,02,1.8,1.6
1832,03,4.6,1.3
1832,04,8.0,1.0
1832,05,10.4,1.2
1832,06,12.8,1.1
1832,07,13.7,2.0
1832,08,11.9,1.3
1832,09,10.4,1.1
1832,10,8.6,0.9
1832,11,4.2,1.9
1832,12,0.7,2.7
1833,01,2.0,1.7
1833,02,2.8,1.3
1833,03,4.5,1.3
1833,04,7.8,1.0
1833,05,10.5,0.9
1833,06,13.0,0.8
1833,07,13.8,1.4
1833,08,13.2,0.8
1833,09,11.2,0.8
1833,10,7.8,1.1
1833,11,6.5,1.3
1833,12,2.5,1.8
1834,01,0.3,2.0
1834,02,2.3,1.4
1834,03,5.7,1.2
1834,04,8.0,1.1
1834,05,11.2,0.6
1834,06,12.7,0.7
1834,07,14.1,1.1
1834,08,13.4,0.8
1834,09,11.5,0.7
1834,10,8.6,0.7
1834,11,6.3,1.8
1834,12,3.0,1.0
1835,01,2.5,1.7
1835,02,2.9,1.4
1835,03,4.5,1.1
1835,04,7.7,1.0
1835,05,10.1,1.4
1835,06,12.0,0.9
1835,07,13.1,0.6
1835,08,12.3,0.8
1835,09,9.9,0.9
1835,10,7.8,1.0
1835,11,4.3,1.4
1835,12,1.1,2.5
1836,01,1.6,1.6
1836,02,2.3,1.6
1836,03,5.4,1.2
1836,04,7.3,0.9
1836,05,10.2,1.2
1836,06,12.5,0.8
1836,07,13.6,0.6
1836,08,12.8,1.3
1836,09,10.8,0.9
1836,10,8.7,1.1
1836,11,3.8,1.1
1836,12,2.8,1.0
1837,01,1.9,2.0
1837,02,2.6,1.8
1837,03,3.8,1.3
1837,04,6.5,1.0
1837,05,9.9,1.5
1837,06,12.0,0.7
1837,07,13.5,1.6
1837,08,13.0,1.2
1837,09,10.8,0.6
1837,10,7.6,0.8
1837,11,4.1,1.3
1837,12,2.2,1.1
1838,01,-0.5,1.9
1838,02,1.5,1.6
1838,03,3.7,1.4
1838,04,7.3,1.3
1838,05,9.9,0.8
1838,06,12.7,0.6
1838,07,14.3,0.8
1838,08,13.5,0.9
1838,09,11.1,0.8
1838,10,8.5,1.0
1838,11,5.1,1.0
1838,12,2.6,1.2
1839,01,2.1,1.6
1839,02,3.4,1.5
1839,03,2.6,1.4
1839,04,7.8,0.9
1839,05,10.2,0.6
1839,06,12.5,0.8
1839,07,14.4,0.9
1839,08,14.0,1.2
1839,09,10.8,0.7
1839,10,8.2,0.9
1839,11,3.9,1.4
1839,12,1.0,1.6
1840,01,2.5,1.4
1840,02,2.1,1.5
1840,03,4.0,1.4
1840,04,7.9,0.7
1840,05,11.1,0.6
1840,06,13.4,1.0
1840,07,14.7,0.4
1840,08,13.0,0.9
1840,09,11.0,0.5
1840,10,7.5,0.8
1840,11,4.1,0.9
1840,12,1.9,1.0
1841,01,0.6,1.7
1841,02,2.4,1.6
1841,03,3.3,1.3
1841,04,6.7,0.9
1841,05,10.7,0.5
1841,06,13.0,0.6
1841,07,14.5,0.7
1841,08,13.7,0.7
1841,09,10.9,0.5
1841,10,8.7,0.6
1841,11,4.7,0.8
1841,12,2.5,0.9
1842,01,1.6,1.6
1842,02,2.7,1.5
1842,03,5.7,1.1
1842,04,8.3,0.7
1842,05,10.5,0.6
1842,06,12.6,0.6
1842,07,13.5,0.5
1842,08,13.2,0.6
1842,09,10.9,0.6
1842,10,8.3,0.7
1842,11,4.8,0.7
1842,12,3.7,0.9
1843,01,2.9,1.2
1843,02,3.9,1.0
1843,03,4.7,0.8
1843,04,7.8,0.6
1843,05,10.0,0.6
1843,06,12.5,0.5
1843,07,13.9,0.5
1843,08,13.2,0.5
1843,09,11.3,0.5
1843,10,8.7,0.5
1843,11,4.9,0.7
1843,12,3.7,0.9
1844,01,1.8,1.1
1844,02,2.0,1.1
1844,03,4.7,0.9
1844,04,7.3,0.8
1844,05,10.1,0.6
1844,06,12.8,0.7
1844,07,13.9,0.6
1844,08,13.0,0.6
1844,09,10.8,0.8
1844,10,8.7,0.9
1844,11,4.4,1.3
1844,12,1.8,1.2
1845,01,2.6,1.3
1845,02,1.6,1.2
1845,03,4.6,0.8
1845,04,8.1,0.7
1845,05,10.4,0.7
1845,06,12.8,0.6
1845,07,14.3,0.7
1845,08,13.5,0.5
1845,09,11.2,0.5
1845,10,7.7,0.6
1845,11,5.1,1.1
1845,12,1.7,1.3
1846,01,3.2,1.4
1846,02,3.3,1.1
1846,03,6.3,1.0
1846,04,7.4,1.7
1846,05,10.8,0.8
1846,06,13.5,1.1
1846,07,14.9,0.7
1846,08,14.1,0.7
1846,09,11.7,0.7
1846,10,8.2,0.8
1846,11,5.0,1.0
1846,12,3.7,1.0
1847,01,2.7,1.2
1847,02,3.6,1.3
1847,03,4.0,1.5
1847,04,7.9,0.9
1847,05,10.6,0.7
1847,06,12.8,0.4
1847,07,14.2,0.6
1847,08,13.4,0.6
1847,09,11.6,0.5
1847,10,8.6,0.8
1847,11,5.5,0.7
1847,12,1.7,0.9
1848,01,0.5,1.3
1848,02,3.7,1.4
1848,03,4.8,0.9
1848,04,8.1,1.0
1848,05,10.5,0.5
1848,06,13.2,0.5
1848,07,14.4,0.6
1848,08,13.2,0.7
1848,09,10.9,0.6
1848,10,8.6,0.8
1848,11,5.2,0.7
1848,12,2.0,0.9
1849,01,1.9,1.3
1849,02,2.6,1.3
1849,03,5.3,1.0
1849,04,7.0,0.8
1849,05,10.1,0.6
1849,06,13.0,0.6
1849,07,14.4,0.6
1849,08,13.6,0.9
1849,09,11.0,0.5
1849,10,8.8,0.7
1849,11,5.7,1.3
1849,12,1.9,0.9
1850,01,0.7,1.1
1850,02,3.0,1.2
1850,03,4.9,0.9
1850,04,7.2,0.6
1850,05,10.0,0.6
1850,06,13.1,0.6
1850,07,14.4,0.6
1850,08,14.0,0.8
1850,09,11.5,0.6
1850,10,8.0,0.8
1850,11,4.7,1.1
1850,12,2.8,1.1
1851,01,2.4,1.1
1851,02,2.5,1.1
1851,03,4.1,0.9
1851,04,7.2,0.8
1851,05,11.1,0.9
1851,06,13.4,0.6
1851,07,14.5,0.6
1851,08,13.7,0.7
1851,09,11.6,0.5
1851,10,9.1,1.0
1851,11,4.9,0.9
1851,12,3.1,0.9
1852,01,2.3,1.3
1852,02,2.5,1.1
1852,03,3.8,0.9
1852,04,7.4,1.1
1852,05,11.1,0.8
1852,06,13.1,0.6
1852,07,14.5,0.7
1852,08,13.3,0.7
1852,09,11.4,0.6
1852,10,8.9,0.6
1852,11,4.5,0.6
1852,12,3.7,1.3
1853,01,1.7,1.1
1853,02,2.2,1.4
1853,03,4.0,0.9
1853,04,7.5,0.8
1853,05,10.9,0.7
1853,06,13.4,0.6
1853,07,14.6,0.6
1853,08,13.9,0.7
1853,09,11.7,0.7
1853,10,8.5,0.5
1853,11,4.7,0.8
1853,12,2.8,0.7
1854,01,1.2,0.9
1854,02,1.9,1.0
1854,03,4.6,0.7
1854,04,7.6,0.6
1854,05,11.0,0.6
1854,06,12.8,0.5
1854,07,14.6,0.8
1854,08,13.8,0.8
1854,09,11.5,0.5
1854,10,9.7,0.9
1854,11,5.7,0.7
1854,12,3.4,1.1
1855,01,2.5,1.4
1855,02,2.9,1.3
1855,03,4.6,0.8
1855,04,8.5,1.0
1855,05,11.1,0.7
1855,06,12.9,0.7
1855,07,13.9,0.6
1855,08,13.5,0.6
1855,09,11.1,0.6
1855,10,8.4,0.7
1855,11,5.1,0.6
1855,12,2.2,0.9
1856,01,2.7,0.7
1856,02,2.2,0.9
1856,03,4.3,0.7
1856,04,7.7,0.5
1856,05,10.5,0.9
1856,06,13.4,0.7
1856,07,14.0,0.4
1856,08,13.0,0.8
1856,09,10.9,0.8
1856,10,8.0,0.7
1856,11,5.3,0.5
1856,12,3.3,0.9
1857,01,1.8,0.9
1857,02,2.4,0.8
1857,03,4.3,0.8
1857,04,6.8,0.5
1857,05,9.8,0.6
1857,06,12.6,0.7
1857,07,13.9,0.7
1857,08,13.2,0.7
1857,09,11.0,0.6
1857,10,8.1,0.7
1857,11,5.2,0.6
1857,12,3.5,0.7
1858,01,2.7,1.0
1858,02,2.2,0.6
1858,03,4.8,0.7
1858,04,8.2,0.6
1858,05,10.8,0.6
1858,06,12.9,0.6
1858,07,13.6,0.7
1858,08,13.2,0.5
1858,09,11.1,0.5
1858,10,8.8,0.6
1858,11,5.9,0.7
1858,12,2.4,0.6
1859,01,2.0,1.0
1859,02,2.6,1.0
1859,03,5.0,0.9
1859,04,8.5,0.6
1859,05,11.4,0.6
1859,06,13.1,0.5
1859,07,13.8,0.5
1859,08,13.2,0.4
1859,09,11.0,0.3
1859,10,8.8,0.6
1859,11,5.9,0.5
1859,12,3.3,0.8
1860,01,2.0,0.8
1860,02,2.6,0.7
1860,03,3.4,0.8
1860,04,7.7,0.4
1860,05,11.0,0.7
1860,06,13.2,0.5
1860,07,14.2,0.4
1860,08,13.7,0.5
1860,09,11.8,0.5
1860,10,8.7,0.4
1860,11,5.0,0.5
1860,12,1.6,0.7
1861,01,0.4,0.8
1861,02,2.1,0.7
1861,03,4.4,0.7
1861,04,7.4,0.6
1861,05,10.5,0.5
1861,06,13.0,0.7
1861,07,13.9,0.4
1861,08,13.6,0.5
1861,09,11.4,0.5
1861,10,8.4,0.4
1861,11,5.7,0.4
1861,12,2.8,0.9
1862,01,0.6,1.1
1862,02,1.7,0.7
1862,03,4.4,0.6
1862,04,7.3,0.8
1862,05,10.7,0.5
1862,06,12.8,0.5
1862,07,13.9,0.4
1862,08,13.1,0.5
1862,09,11.0,0.5
1862,10,8.2,0.6
1862,11,4.7,0.7
1862,12,1.6,1.0
1863,01,3.0,1.2
1863,02,3.2,1.0
1863,03,4.6,0.7
1863,04,7.9,0.7
1863,05,11.0,0.6
1863,06,12.7,0.5
1863,07,13.7,0.6
1863,08,13.2,0.5
1863,09,11.2,0.5
1863,10,8.2,0.5
1863,11,5.3,0.5
1863,12,2.6,1.0
1864,01,1.5,0.8
1864,02,2.5,1.0
1864,03,4.6,0.7
1864,04,7.5,0.6
1864,05,10.9,0.5
1864,06,13.3,0.7
1864,07,14.1,0.5
1864,08,13.4,0.5
1864,09,11.3,0.5
1864,10,8.7,0.4
1864,11,5.2,0.6
1864,12,2.2,0.6
1865,01,2.9,0.9
1865,02,2.1,0.8
1865,03,4.0,0.7
1865,04,7.3,0.6
1865,05,10.9,0.4
1865,06,13.2,0.5
1865,07,14.2,0.5
1865,08,13.5,0.5
1865,09,11.7,0.5
1865,10,9.1,0.4
1865,11,6.1,0.7
1865,12,2.6,0.8
1866,01,2.9,0.8
1866,02,2.2,0.8
1866,03,4.4,0.7
1866,04,7.9,0.5
1866,05,10.8,0.5
1866,06,12.8,0.4
1866,07,14.6,0.4
1866,08,13.5,0.6
1866,09,11.5,0.4
1866,10,8.5,0.5
1866,11,5.8,0.5
1866,12,4.1,0.7
1867,01,2.4,0.9
1867,02,2.6,0.9
1867,03,4.4,0.6
1867,04,8.2,0.6
1867,05,10.4,0.4
1867,06,13.3,0.4
1867,07,14.2,0.4
1867,08,13.5,0.4
1867,09,11.7,0.4
1867,10,9.2,0.4
1867,11,6.9,0.7
1867,12,3.9,1.0
1868,01,1.8,0.7
1868,02,2.0,0.8
1868,03,4.5,0.5
1868,04,8.1,0.4
1868,05,11.3,0.4
1868,06,13.1,0.3
1868,07,14.5,0.4
1868,08,13.7,0.5
1868,09,11.6,0.4
1868,10,9.4,0.4
1868,11,5.1,0.5
1868,12,3.3,0.6
1869,01,2.1,1.0
1869,02,3.8,0.8
1869,03,4.3,0.6
1869,04,7.9,0.7
1869,05,11.2,0.6
1869,06,13.5,0.5
1869,07,14.3,0.4
1869,08,14.0,0.4
1869,09,12.2,0.3
1869,10,9.0,0.4
1869,11,5.7,0.4
1869,12,2.7,0.5
1870,01,2.0,0.8
1870,02,2.1,0.7
1870,03,4.6,0.5
1870,04,7.8,0.5
1870,05,11.3,0.5
1870,06,13.6,0.4
1870,07,14.5,0.4
1870,08,13.4,0.4
1870,09,11.9,0.4
1870,10,8.8,0.5
1870,11,5.6,0.5
1870,12,2.2,0.6
1871,01,1.4,0.7
1871,02,1.7,0.9
1871,03,4.6,0.6
1871,04,8.3,0.4
1871,05,10.7,0.4
1871,06,13.0,0.3
1871,07,14.2,0.3
1871,08,13.9,0.4
1871,09,11.7,0.5
1871,10,9.0,0.4
1871,11,5.1,0.8
1871,12,3.1,0.5
1872,01,1.6,0.9
1872,02,2.3,0.8
1872,03,4.9,0.6
1872,04,7.8,0.5
1872,05,11.1,0.5
1872,06,13.0,0.4
1872,07,14.2,0.4
1872,08,13.8,0.4
1872,09,11.9,0.3
1872,10,9.2,0.3
1872,11,5.3,0.4
1872,12,2.6,0.9
1873,01,2.0,0.7
1873,02,3.1,0.7
1873,03,4.7,0.6
1873,04,7.4,0.6
1873,05,11.0,0.4
1873,06,13.4,0.4
1873,07,14.2,0.4
1873,08,13.7,0.4
1873,09,11.4,0.4
1873,10,9.2,0.4
1873,11,5.8,0.5
1873,12,3.8,0.6
1874,01,2.6,0.8
1874,02,3.0,0.7
1874,03,4.2,0.5
1874,04,8.2,0.3
1874,05,11.3,0.4
1874,06,13.3,0.4
1874,07,14.1,0.4
1874,08,13.8,0.3
1874,09,12.1,0.3
1874,10,9.1,0.4
1874,11,5.8,0.6
1874,12,3.4,0.5
1875,01,1.5,0.6
1875,02,2.2,0.7
1875,03,4.2,0.4
1875,04,7.6,0.3
1875,05,10.7,0.3
1875,06,13.1,0.4
1875,07,14.1,0.3
1875,08,13.4,0.4
1875,09,11.3,0.3
1875,10,8.5,0.3
1875,11,4.6,0.3
1875,12,2.6,0.4
1876,01,1.8,0.5
1876,02,2.6,0.5
1876,03,4.7,0.5
1876,04,8.1,0.4
1876,05,10.6,0.5
1876,06,13.1,0.2
1876,07,14.3,0.3
1876,08,13.4,0.4
1876,09,11.6,0.3
1876,10,8.9,0.3
1876,11,5.0,0.4
1876,12,2.1,0.5
1877,01,2.2,0.7
1877,02,2.9,0.5
1877,03,5.2,0.4
1877,04,8.0,0.4
1877,05,11.0,0.4
1877,06,13.3,0.4
1877,07,14.6,0.4
1877,08,14.1,0.3
1877,09,12.0,0.4
1877,10,9.2,0.2
1877,11,6.3,0.4
1877,12,2.9,0.4
1878,01,2.0,0.4
1878,02,3.7,0.5
1878,03,6.6,0.4
1878,04,8.8,0.4
1878,05,11.0,0.4
1878,06,13.7,0.3
1878,07,14.7,0.3
1878,08,14.0,0.4
1878,09,12.0,0.3
1878,10,9.1,0.3
1878,11,6.4,0.4
1878,12,3.3,0.4
1879,01,2.3,0.6
1879,02,2.7,0.6
1879,03,4.9,0.4
1879,04,7.7,0.4
1879,05,10.8,0.3
1879,06,13.2,0.4
1879,07,14.2,0.3
1879,08,13.2,0.4
1879,09,11.4,0.3
1879,10,9.2,0.3
1879,11,5.5,0.3
1879,12,2.5,0.5
1880,01,1.7,0.5
1880,02,2.0,0.4
1880,03,4.6,0.4
1880,04,7.5,0.4
1880,05,11.0,0.3
1880,06,13.3,0.4
1880,07,14.1,0.3
1880,08,13.8,0.3
1880,09,11.3,0.2
1880,10,8.6,0.2
1880,11,5.8,0.3
1880,12,3.1,0.4
1881,01,2.4,0.6
1881,02,2.6,0.5
1881,03,5.0,0.5
1881,04,8.3,0.3
1881,05,11.1,0.4
1881,06,12.7,0.3
1881,07,14.2,0.3
1881,08,13.7,0.3
1881,09,11.6,0.2
1881,10,8.8,0.3
1881,11,5.2,0.3
1881,12,3.1,0.4
1882,01,2.9,0.4
1882,02,3.2,0.4
1882,03,5.0,0.4
1882,04,7.6,0.3
1882,05,10.8,0.3
1882,06,12.8,0.2
1882,07,13.7,0.3
1882,08,13.7,0.4
1882,09,11.7,0.2
1882,10,8.4,0.3
1882,11,5.0,0.3
1882,12,2.2,0.4
1883,01,1.4,0.5
1883,02,1.8,0.4
1883,03,4.9,0.4
1883,04,7.6,0.4
1883,05,10.8,0.3
1883,06,13.3,0.2
1883,07,14.0,0.3
1883,08,13.2,0.3
1883,09,11.3,0.3
1883,10,8.9,0.2
1883,11,4.9,0.2
1883,12,3.2,0.3
1884,01,2.1,0.4
1884,02,2.4,0.4
1884,03,3.8,0.4
1884,04,7.1,0.3
1884,05,10.1,0.3
1884,06,12.5,0.3
1884,07,13.6,0.3
1884,08,13.2,0.4
1884,09,11.2,0.3
1884,10,8.5,0.3
1884,11,5.1,0.3
1884,12,3.0,0.4
1885,01,1.0,0.6
1885,02,2.2,0.5
1885,03,4.6,0.3
1885,04,7.3,0.3
1885,05,10.5,0.3
1885,06,12.7,0.3
1885,07,13.9,0.3
1885,08,13.3,0.4
1885,09,11.4,0.3
1885,10,8.7,0.3
1885,11,5.4,0.3
1885,12,3.6,0.4
1886,01,1.4,0.5
1886,02,1.7,0.4
1886,03,4.2,0.3
1886,04,7.9,0.2
1886,05,10.7,0.4
1886,06,12.7,0.3
1886,07,14.2,0.3
1886,08,13.3,0.3
1886,09,11.6,0.3
1886,10,8.6,0.3
1886,11,5.2,0.3
1886,12,3.5,0.4
1887,01,0.8,0.5
1887,02,2.0,0.4
1887,03,4.5,0.4
1887,04,7.7,0.3
1887,05,10.8,0.3
1887,06,12.8,0.3
1887,07,14.0,0.3
1887,08,13.0,0.3
1887,09,11.7,0.3
1887,10,8.7,0.2
1887,11,5.5,0.3
1887,12,2.8,0.4
1888,01,1.7,0.3
1888,02,2.0,0.4
1888,03,4.3,0.4
1888,04,7.8,0.4
1888,05,10.6,0.3
1888,06,12.9,0.3
1888,07,14.2,0.3
1888,08,13.5,0.4
1888,09,11.6,0.3
1888,10,9.2,0.2
1888,11,5.7,0.3
1888,12,3.2,0.3
1889,01,1.7,0.4
1889,02,3.4,0.3
1889,03,5.2,0.4
1889,04,8.5,0.3
1889,05,11.2,0.3
1889,06,13.2,0.2
1889,07,14.2,0.3
1889,08,13.5,0.3
1889,09,11.5,0.3
1889,10,8.8,0.2
1889,11,4.9,0.4
1889,12,3.0,0.4
1890,01,1.8,0.4
1890,02,2.5,0.3
1890,03,4.2,0.3
1890,04,7.7,0.3
1890,05,10.4,0.3
1890,06,12.8,0.3
1890,07,14.0,0.3
1890,08,13.2,0.3
1890,09,11.5,0.3
1890,10,9.1,0.2
1890,11,5.0,0.2
1890,12,2.9,0.3
1891,01,1.6,0.3
1891,02,1.8,0.3
1891,03,4.7,0.3
1891,04,7.6,0.2
1891,05,10.7,0.3
1891,06,12.8,0.2
1891,07,13.9,0.3
1891,08,13.4,0.3
1891,09,11.7,0.2
1891,10,8.7,0.2
1891,11,5.1,0.3
1891,12,3.6,0.4
1892,01,2.0,0.3
1892,02,2.8,0.3
1892,03,4.3,0.3
1892,04,7.5,0.3
1892,05,10.6,0.3
1892,06,13.2,0.2
1892,07,13.8,0.3
1892,08,13.4,0.3
1892,09,11.7,0.2
1892,10,9.2,0.2
1892,11,4.8,0.3
1892,12,2.9,0.4
1893,01,0.5,0.4
1893,02,1.6,0.3
1893,03,4.9,0.4
1893,04,7.9,0.2
1893,05,10.7,0.3
1893,06,13.0,0.2
1893,07,14.3,0.3
1893,08,13.4,0.3
1893,09,11.7,0.2
1893,10,9.1,0.2
1893,11,5.9,0.2
1893,12,3.1,0.3
1894,01,1.6,0.3
1894,02,2.9,0.3
1894,03,5.1,0.3
1894,04,7.6,0.3
1894,05,10.9,0.2
1894,06,12.8,0.2
1894,07,14.0,0.3
1894,08,13.4,0.3
1894,09,11.5,0.2
1894,10,9.1,0.2
1894,11,5.4,0.2
1894,12,3.1,0.3
1895,01,1.2,0.2
1895,02,2.0,0.3
1895,03,4.6,0.3
1895,04,8.2,0.2
1895,05,10.8,0.3
1895,06,13.0,0.2
1895,07,14.0,0.3
1895,08,13.4,0.3
1895,09,11.7,0.2
1895,10,9.1,0.2
1895,11,5.7,0.2
1895,12,3.4,0.3
1896,01,2.2,0.3
1896,02,2.7,0.2
1896,03,4.2,0.3
1896,04,7.3,0.3
1896,05,10.8,0.3
1896,06,13.3,0.2
1896,07,14.2,0.3
1896,08,13.6,0.3
1896,09,11.8,0.2
1896,10,9.4,0.2
1896,11,5.3,0.2
1896,12,3.3,0.2
1897,01,1.8,0.3
1897,02,2.4,0.2
1897,03,4.3,0.2
1897,04,8.2,0.2
1897,05,11.3,0.3
1897,06,13.3,0.3
1897,07,14.3,0.3
1897,08,13.6,0.3
1897,09,11.9,0.2
1897,10,9.1,0.2
1897,11,5.6,0.3
1897,12,3.1,0.2
1898,01,2.7,0.3
1898,02,2.3,0.3
1898,03,3.7,0.2
1898,04,7.9,0.3
1898,05,10.8,0.3
1898,06,13.3,0.4
1898,07,14.1,0.3
1898,08,13.5,0.4
1898,09,11.7,0.3
1898,10,8.8,0.2
1898,11,5.4,0.2
1898,12,3.4,0.3
1899,01,2.5,0.3
1899,02,2.3,0.4
1899,03,4.6,0.2
1899,04,8.2,0.3
1899,05,11.0,0.3
1899,06,12.8,0.2
1899,07,14.1,0.3
1899,08,13.7,0.3
1899,09,12.1,0.2
1899,10,9.4,0.2
1899,11,6.6,0.3
1899,12,3.0,0.3
1900,01,1.4,0.2
1900,02,3.0,0.4
1900,03,5.4,0.2
1900,04,8.2,0.2
1900,05,11.3,0.3
1900,06,13.2,0.2
1900,07,14.1,0.3
1900,08,13.8,0.3
1900,09,11.9,0.2
1900,10,9.6,0.2
1900,11,5.8,0.2
1900,12,3.6,0.3
1901,01,2.1,0.2
1901,02,3.0,0.4
1901,03,5.6,0.2
1901,04,8.5,0.3
1901,05,11.1,0.3
1901,06,13.4,0.2
1901,07,14.3,0.3
1901,08,13.7,0.3
1901,09,11.9,0.3
1901,10,9.0,0.2
1901,11,5.9,0.2
1901,12,3.3,0.2
1902,01,2.6,0.2
1902,02,3.6,0.3
1902,03,4.8,0.2
1902,04,7.9,0.3
1902,05,10.8,0.3
1902,06,13.2,0.2
1902,07,14.2,0.3
1902,08,13.5,0.3
1902,09,11.7,0.2
1902,10,8.8,0.2
1902,11,5.2,0.2
1902,12,2.7,0.2
1903,01,2.5,0.2
1903,02,3.5,0.2
1903,03,4.9,0.2
1903,04,7.8,0.2
1903,05,10.7,0.3
1903,06,12.8,0.2
1903,07,13.9,0.3
1903,08,13.4,0.3
1903,09,11.5,0.3
1903,10,8.8,0.2
1903,11,5.5,0.2
1903,12,2.8,0.3
1904,01,1.6,0.3
1904,02,2.2,0.3
1904,03,4.5,0.2
1904,04,7.6,0.2
1904,05,10.8,0.2
1904,06,13.0,0.2
1904,07,13.8,0.2
1904,08,13.4,0.3
1904,09,11.3,0.2
1904,10,8.8,0.2
1904,11,6.2,0.2
1904,12,3.3,0.2
1905,01,2.2,0.3
1905,02,1.9,0.3
1905,03,4.6,0.2
1905,04,7.7,0.2
1905,05,10.9,0.2
1905,06,13.1,0.2
1905,07,14.0,0.3
1905,08,13.5,0.3
1905,09,11.8,0.2
1905,10,9.0,0.2
1905,11,6.1,0.2
1905,12,3.3,0.2
1906,01,2.0,0.3
1906,02,2.3,0.3
1906,03,4.8,0.2
1906,04,8.6,0.2
1906,05,11.2,0.2
1906,06,13.3,0.2
1906,07,14.1,0.3
1906,08,13.6,0.3
1906,09,11.7,0.2
1906,10,9.2,0.1
1906,11,5.5,0.1
1906,12,3.7,0.3
1907,01,1.7,0.2
1907,02,2.1,0.2
1907,03,4.5,0.2
1907,04,7.5,0.2
1907,05,10.3,0.2
1907,06,12.7,0.2
1907,07,13.7,0.3
1907,08,13.3,0.3
1907,09,11.6,0.2
1907,10,9.2,0.1
1907,11,5.2,0.2
1907,12,2.9,0.2
1908,01,2.3,0.2
1908,02,2.7,0.2
1908,03,4.1,0.3
1908,04,7.8,0.2
1908,05,11.1,0.2
1908,06,13.2,0.2
1908,07,14.1,0.3
1908,08,13.3,0.3
1908,09,11.9,0.2
1908,10,8.8,0.2
1908,11,5.2,0.2
1908,12,3.0,0.3
1909,01,1.3,0.3
1909,02,2.7,0.2
1909,03,4.5,0.2
1909,04,7.5,0.2
1909,05,10.6,0.3
1909,06,12.9,0.2
1909,07,14.0,0.2
1909,08,13.7,0.3
1909,09,11.8,0.2
1909,10,9.1,0.1
1909,11,6.2,0.2
1909,12,3.2,0.2
1910,01,2.3,0.2
1910,02,2.7,0.2
1910,03,4.6,0.2
1910,04,8.1,0.2
1910,05,11.0,0.3
1910,06,13.1,0.2
1910,07,14.2,0.3
1910,08,13.6,0.3
1910,09,11.7,0.2
1910,10,9.0,0.2
1910,11,5.3,0.2
1910,12,2.6,0.2
1911,01,1.6,0.3
1911,02,2.4,0.2
1911,03,4.3,0.1
1911,04,7.9,0.2
1911,05,10.8,0.2
1911,06,13.0,0.2
1911,07,14.0,0.2
1911,08,13.4,0.3
1911,09,11.6,0.2
1911,10,9.2,0.1
1911,11,5.9,0.1
1911,12,3.3,0.2
1912,01,2.4,0.3
1912,02,3.3,0.2
1912,03,4.3,0.2
1912,04,8.2,0.2
1912,05,11.2,0.3
1912,06,13.4,0.2
1912,07,13.7,0.2
1912,08,13.0,0.3
1912,09,11.2,0.2
1912,10,8.3,0.2
1912,11,5.5,0.1
1912,12,3.0,0.2
1913,01,2.0,0.2
1913,02,2.3,0.2
1913,03,4.5,0.2
1913,04,8.0,0.2
1913,05,10.7,0.2
1913,06,13.0,0.2
1913,07,14.1,0.2
1913,08,13.7,0.3
1913,09,11.7,0.2
1913,10,9.0,0.1
1913,11,6.0,0.2
1913,12,4.1,0.2
1914,01,3.3,0.3
1914,02,3.2,0.2
1914,03,4.9,0.2
1914,04,8.0,0.2
1914,05,11.2,0.2
1914,06,13.4,0.2
1914,07,14.2,0.3
1914,08,13.7,0.3
1914,09,11.9,0.2
1914,10,9.3,0.1
1914,11,5.7,0.1
1914,12,3.6,0.2
1915,01,2.2,0.2
1915,02,3.2,0.2
1915,03,5.1,0.2
1915,04,8.7,0.2
1915,05,11.4,0.2
1915,06,13.3,0.2
1915,07,14.4,0.2
1915,08,13.7,0.3
1915,09,11.8,0.2
1915,10,8.9,0.1
1915,11,6.2,0.1
1915,12,3.6,0.1
1916,01,2.6,0.2
1916,02,2.9,0.2
1916,03,4.8,0.3
1916,04,8.0,0.2
1916,05,10.9,0.2
1916,06,12.9,0.2
1916,07,14.0,0.3
1916,08,13.5,0.3
1916,09,11.7,0.2
1916,10,9.0,0.2
1916,11,5.5,0.2
1916,12,2.3,0.2
1917,01,2.1,0.2
1917,02,2.3,0.3
1917,03,4.4,0.2
1917,04,7.8,0.2
1917,05,10.4,0.2
1917,06,12.9,0.2
1917,07,14.2,0.2
1917,08,13.4,0.3
1917,09,11.7,0.2
1917,10,8.5,0.1
1917,11,5.8,0.2
1917,12,2.2,0.2
1918,01,1.9,0.2
1918,02,2.4,0.3
1918,03,4.8,0.2
1918,04,7.6,0.2
1918,05,10.5,0.3
1918,06,12.9,0.2
1918,07,14.0,0.3
1918,08,13.4,0.3
1918,09,11.8,0.2
1918,10,9.4,0.2
1918,11,5.6,0.2
1918,12,2.8,0.2
1919,01,2.1,0.2
1919,02,2.8,0.2
1919,03,4.7,0.2
1919,04,8.4,0.2
1919,05,10.9,0.2
1919,06,13.2,0.2
1919,07,14.2,0.2
1919,08,13.7,0.3
1919,09,11.9,0.2
1919,10,9.3,0.2
1919,11,5.4,0.2
1919,12,3.2,0.2
1920,01,2.8,0.2
1920,02,2.7,0.2
1920,03,5.2,0.2
1920,04,8.2,0.2
1920,05,11.1,0.3
1920,06,13.1,0.2
1920,07,14.2,0.3
1920,08,13.6,0.3
1920,09,11.7,0.2
1920,10,9.0,0.2
1920,11,5.5,0.2
1920,12,2.6,0.2
1921,01,2.9,0.3
1921,02,3.1,0.2
1921,03,5.0,0.2
1921,04,8.3,0.2
1921,05,11.2,0.2
1921,06,13.4,0.2
1921,07,14.4,0.3
1921,08,13.5,0.3
1921,09,11.8,0.2
1921,10,9.2,0.1
1921,11,5.8,0.1
1921,12,3.6,0.2
1922,01,2.1,0.2
1922,02,2.3,0.2
1922,03,5.1,0.2
1922,04,8.3,0.2
1922,05,11.0,0.2
1922,06,13.3,0.2
1922,07,14.2,0.3
1922,08,13.5,0.3
1922,09,11.7,0.2
1922,10,9.0,0.2
1922,11,6.0,0.2
1922,12,3.6,0.2
1923,01,2.4,0.2
1923,02,2.5,0.2
1923,03,4.8,0.2
1923,04,7.7,0.2
1923,05,10.8,0.2
1923,06,13.2,0.2
1923,07,13.9,0.3
1923,08,13.6,0.3
1923,09,11.8,0.2
1923,10,9.5,0.1
1923,11,6.3,0.1
1923,12,3.8,0.2
1924,01,2.3,0.2
1924,02,2.8,0.2
1924,03,5.3,0.2
1924,04,7.9,0.2
1924,05,11.1,0.2
1924,06,13.3,0.2
1924,07,14.3,0.3
1924,08,13.6,0.3
1924,09,11.9,0.2
1924,10,9.2,0.1
1924,11,6.4,0.2
1924,12,3.4,0.2
1925,01,2.2,0.2
1925,02,2.7,0.2
1925,03,5.1,0.2
1925,04,8.4,0.2
1925,05,11.0,0.2
1925,06,13.0,0.2
1925,07,14.0,0.3
1925,08,13.7,0.3
1925,09,11.9,0.2
1925,10,9.1,0.1
1925,11,6.3,0.1
1925,12,4.3,0.2
1926,01,3.4,0.2
1926,02,3.7,0.2
1926,03,5.8,0.1
1926,04,8.1,0.2
1926,05,10.9,0.2
1926,06,13.2,0.2
1926,07,14.1,0.2
1926,08,13.8,0.3
1926,09,12.0,0.2
1926,10,9.5,0.2
1926,11,6.3,0.2
1926,12,3.3,0.2
1927,01,2.3,0.2
1927,02,3.0,0.2
1927,03,4.6,0.2
1927,04,8.0,0.2
1927,05,11.1,0.2
1927,06,13.2,0.2
1927,07,14.3,0.3
1927,08,13.6,0.3
1927,09,12.2,0.2
1927,10,9.8,0.2
1927,11,6.3,0.1
1927,12,3.2,0.2
1928,01,3.0,0.2
1928,02,3.3,0.2
1928,03,4.9,0.1
1928,04,8.2,0.2
1928,05,11.1,0.3
1928,06,13.1,0.2
1928,07,14.3,0.2
1928,08,13.6,0.3
1928,09,12.0,0.2
1928,10,9.4,0.1
1928,11,6.3,0.2
1928,12,3.8,0.2
1929,01,2.0,0.2
1929,02,2.1,0.2
1929,03,5.0,0.1
1929,04,8.0,0.2
1929,05,10.9,0.2
1929,06,12.9,0.2
1929,07,13.9,0.3
1929,08,13.6,0.3
1929,09,11.8,0.2
1929,10,9.4,0.1
1929,11,6.1,0.2
1929,12,2.5,0.2
1930,01,2.4,0.2
1930,02,3.1,0.2
1930,03,5.4,0.1
1930,04,8.1,0.2
1930,05,11.1,0.2
1930,06,13.3,0.2
1930,07,14.4,0.3
1930,08,13.9,0.3
1930,09,11.8,0.2
1930,10,9.2,0.1
1930,11,6.5,0.2
1930,12,3.8,0.1
1931,01,2.7,0.2
1931,02,2.7,0.2
1931,03,5.2,0.1
1931,04,8.1,0.2
1931,05,11.0,0.2
1931,06,13.5,0.2
1931,07,14.5,0.3
1931,08,14.1,0.3
1931,09,12.2,0.2
1931,10,9.9,0.1
1931,11,6.2,0.1
1931,12,4.0,0.1
1932,01,3.6,0.2
1932,02,2.9,0.2
1932,03,4.9,0.2
1932,04,8.7,0.2
1932,05,11.2,0.3
1932,06,13.3,0.2
1932,07,14.3,0.3
1932,08,13.7,0.3
1932,09,12.3,0.2
1932,10,9.6,0.2
1932,11,5.9,0.1
1932,12,3.5,0.1
1933,01,2.1,0.2
1933,02,2.6,0.2
1933,03,4.8,0.1
1933,04,8.1,0.2
1933,05,11.0,0.2
1933,06,13.1,0.2
1933,07,14.2,0.3
1933,08,13.7,0.3
1933,09,11.8,0.2
1933,10,9.2,0.2
1933,11,5.8,0.2
1933,12,3.1,0.1
1934,01,2.4,0.2
1934,02,3.6,0.2
1934,03,4.8,0.2
1934,04,8.0,0.2
1934,05,11.4,0.2
1934,06,13.4,0.2
1934,07,14.3,0.2
1934,08,13.7,0.3
1934,09,11.7,0.2
1934,10,9.4,0.1
1934,11,6.3,0.1
1934,12,3.9,0.1
1935,01,2.1,0.2
1935,02,4.1,0.2
1935,03,5.3,0.1
1935,04,7.7,0.2
1935,05,10.9,0.2
1935,06,13.3,0.2
1935,07,14.3,0.2
1935,08,13.7,0.3
1935,09,11.9,0.2
1935,10,9.5,0.1
1935,11,5.4,0.1
1935,12,3.4,0.2
1936,01,2.2,0.2
1936,02,2.5,0.2
1936,03,5.0,0.1
1936,04,8.1,0.2
1936,05,11.2,0.2
1936,06,13.3,0.2
1936,07,14.6,0.2
1936,08,13.8,0.3
1936,09,12.0,0.2
1936,10,9.4,0.2
1936,11,6.2,0.1
1936,12,3.9,0.2
1937,01,2.4,0.1
1937,02,3.5,0.2
1937,03,4.8,0.2
1937,04,8.1,0.2
1937,05,11.4,0.2
1937,06,13.6,0.2
1937,07,14.3,0.2
1937,08,14.0,0.3
1937,09,12.4,0.2
1937,10,9.7,0.2
1937,11,6.3,0.1
1937,12,3.4,0.2
1938,01,2.9,0.1
1938,02,3.4,0.2
1938,03,5.6,0.1
1938,04,8.9,0.2
1938,05,11.4,0.2
1938,06,13.3,0.2
1938,07,14.4,0.2
1938,08,13.9,0.3
1938,09,12.4,0.2
1938,10,9.7,0.1
1938,11,6.5,0.2
1938,12,3.5,0.2
1939,01,2.9,0.1
1939,02,3.2,0.2
1939,03,4.9,0.1
1939,04,8.3,0.2
1939,05,11.5,0.2
1939,06,13.5,0.2
1939,07,14.3,0.2
1939,08,13.9,0.3
1939,09,11.9,0.2
1939,10,9.2,0.1
1939,11,6.1,0.1
1939,12,4.9,0.2
1940,01,2.3,0.2
1940,02,3.4,0.2
1940,03,5.4,0.1
1940,04,8.7,0.2
1940,05,11.3,0.2
1940,06,13.5,0.2
1940,07,14.5,0.2
1940,08,13.8,0.3
1940,09,12.2,0.2
1940,10,9.4,0.1
1940,11,6.0,0.1
1940,12,4.1,0.1
1941,01,2.7,0.1
1941,02,3.6,0.2
1941,03,5.2,0.1
1941,04,8.5,0.2
1941,05,11.4,0.2
1941,06,13.6,0.2
1941,07,14.6,0.2
1941,08,14.0,0.3
1941,09,11.8,0.2
1941,10,9.7,0.1
1941,11,5.9,0.1
1941,12,3.7,0.1
1942,01,3.1,0.2
1942,02,2.8,0.2
1942,03,5.3,0.1
1942,04,8.4,0.2
1942,05,11.3,0.2
1942,06,13.5,0.2
1942,07,14.2,0.2
1942,08,13.7,0.3
1942,09,12.1,0.2
1942,10,9.6,0.1
1942,11,6.3,0.1
1942,12,3.9,0.1
1943,01,2.3,0.1
1943,02,3.5,0.1
1943,03,5.1,0.1
1943,04,8.6,0.2
1943,05,11.4,0.2
1943,06,13.1,0.2
1943,07,14.4,0.3
1943,08,13.7,0.3
1943,09,12.0,0.2
1943,10,9.9,0.1
1943,11,6.2,0.1
1943,12,4.2,0.1
1944,01,3.5,0.1
1944,02,3.5,0.2
1944,03,5.5,0.2
1944,04,8.4,0.2
1944,05,11.3,0.2
1944,06,13.4,0.2
1944,07,14.4,0.2
1944,08,14.0,0.3
1944,09,12.4,0.2
1944,10,9.8,0.1
1944,11,6.0,0.1
1944,12,3.4,0.1
1945,01,2.5,0.1
1945,02,2.6,0.1
1945,03,5.1,0.1
1945,04,8.6,0.2
1945,05,11.0,0.2
1945,06,13.3,0.2
1945,07,14.2,0.2
1945,08,14.3,0.3
1945,09,12.2,0.2
1945,10,9.5,0.1
1945,11,6.0,0.1
1945,12,3.1,0.1
1946,01,2.9,0.1
1946,02,3.4,0.2
1946,03,5.2,0.1
1946,04,8.8,0.2
1946,05,11.3,0.2
1946,06,13.2,0.2
1946,07,14.4,0.2
1946,08,13.8,0.3
1946,09,12.0,0.2
1946,10,9.2,0.1
1946,11,6.2,0.1
1946,12,3.1,0.1
1947,01,2.5,0.1
1947,02,3.2,0.1
1947,03,5.8,0.1
1947,04,8.6,0.2
1947,05,11.3,0.2
1947,06,13.4,0.2
1947,07,14.3,0.2
1947,08,13.8,0.3
1947,09,12.1,0.2
1947,10,10.0,0.1
1947,11,6.4,0.1
1947,12,3.6,0.1
1948,01,3.3,0.1
1948,02,3.2,0.1
1948,03,4.9,0.1
1948,04,8.4,0.2
1948,05,11.5,0.2
1948,06,13.6,0.2
1948,07,14.4,0.2
1948,08,13.8,0.2
1948,09,12.1,0.2
1948,10,9.5,0.1
1948,11,6.1,0.1
1948,12,3.4,0.1
1949,01,3.2,0.1
1949,02,2.7,0.1
1949,03,5.0,0.1
1949,04,8.3,0.2
1949,05,11.3,0.2
1949,06,13.2,0.2
1949,07,14.1,0.2
1949,08,13.8,0.2
1949,09,11.9,0.2
1949,10,9.5,0.1
1949,11,6.1,0.1
1949,12,3.4,0.1
1950,01,2.0,0.1
1950,02,2.7,0.1
1950,03,5.2,0.1
1950,04,8.1,0.1
1950,05,11.2,0.2
1950,06,13.3,0.1
1950,07,14.1,0.2
1950,08,13.4,0.2
1950,09,11.9,0.2
1950,10,9.1,0.1
1950,11,5.3,0.1
1950,12,3.5,0.1
1951,01,2.1,0.1
1951,02,2.3,0.1
1951,03,5.0,0.1
1951,04,8.3,0.1
1951,05,11.4,0.2
1951,06,13.2,0.2
1951,07,14.3,0.2
1951,08,14.0,0.2
1951,09,12.3,0.2
1951,10,9.6,0.1
1951,11,6.2,0.1
1951,12,4.3,0.1
1952,01,3.0,0.1
1952,02,3.3,0.1
1952,03,4.9,0.1
1952,04,8.4,0.2
1952,05,11.3,0.2
1952,06,13.4,0.2
1952,07,14.5,0.2
1952,08,13.9,0.3
1952,09,12.2,0.2
1952,10,9.1,0.1
1952,11,5.4,0.1
1952,12,3.6,0.1
1953,01,2.9,0.1
1953,02,3.6,0.1
1953,03,5.7,0.1
1953,04,8.8,0.2
1953,05,11.5,0.2
1953,06,13.6,0.2
1953,07,14.3,0.2
1953,08,14.0,0.3
1953,09,12.1,0.2
1953,10,9.5,0.1
1953,11,5.9,0.1
1953,12,3.9,0.1
1954,01,2.0,0.1
1954,02,3.0,0.1
1954,03,5.1,0.1
1954,04,8.1,0.2
1954,05,10.9,0.2
1954,06,13.4,0.1
1954,07,14.2,0.2
1954,08,13.8,0.2
1954,09,12.0,0.2
1954,10,9.5,0.1
1954,11,6.5,0.1
1954,12,3.5,0.1
1955,01,3.4,0.1
1955,02,3.1,0.1
1955,03,4.5,0.1
1955,04,8.1,0.1
1955,05,11.1,0.2
1955,06,13.5,0.1
1955,07,14.2,0.1
1955,08,14.2,0.2
1955,09,11.9,0.1
1955,10,9.7,0.1
1955,11,5.9,0.1
1955,12,3.3,0.1
1956,01,2.4,0.0
1956,02,2.7,0.1
1956,03,4.8,0.1
1956,04,7.9,0.1
1956,05,10.7,0.1
1956,06,13.1,0.0
1956,07,14.1,0.0
1956,08,13.1,0.0
1956,09,11.7,0.1
1956,10,8.9,0.0
1956,11,5.7,0.1
1956,12,3.5,0.1
1957,01,2.4,0.1
1957,02,3.1,0.1
1957,03,5.0,0.0
1957,04,8.3,0.1
1957,05,11.2,0.1
1957,06,13.7,0.1
1957,07,14.1,0.2
1957,08,14.0,0.2
1957,09,12.3,0.3
1957,10,9.4,0.1
1957,11,6.3,0.1
1957,12,4.3,0.0
1958,01,3.5,0.1
1958,02,3.6,0.1
1958,03,5.4,0.0
1958,04,8.5,0.1
1958,05,11.5,0.0
1958,06,13.1,0.1
1958,07,14.4,0.1
1958,08,13.5,0.0
1958,09,11.8,0.0
1958,10,9.3,0.0
1958,11,6.2,0.0
1958,12,3.8,0.0
1959,01,2.9,0.0
1959,02,3.3,0.1
1959,03,5.8,0.1
1959,04,8.8,0.1
1959,05,11.3,0.0
1959,06,13.5,0.0
1959,07,14.4,0.1
1959,08,13.8,0.0
1959,09,11.9,0.1
1959,10,9.1,0.1
1959,11,5.7,0.0
1959,12,3.7,0.0
1960,01,2.7,0.0
1960,02,3.7,0.1
1960,03,4.3,0.0
1960,04,8.1,0.0
1960,05,10.8,0.1
1960,06,13.4,0.0
1960,07,14.1,0.0
1960,08,13.8,0.0
1960,09,12.0,0.0
1960,10,9.4,0.0
1960,11,5.8,0.1
1960,12,4.2,0.0
1961,01,2.9,0.0
1961,02,3.6,0.1
1961,03,5.5,0.0
1961,04,8.6,0.1
1961,05,11.6,0.1
1961,06,13.7,0.1
1961,07,14.2,0.0
1961,08,13.8,0.1
1961,09,12.2,0.0
1961,10,9.3,0.1
1961,11,6.2,0.0
1961,12,3.5,0.0
1962,01,3.0,0.0
1962,02,3.6,0.0
1962,03,5.5,0.1
1962,04,8.5,0.1
1962,05,11.1,0.0
1962,06,13.4,0.2
1962,07,14.2,0.0
1962,08,13.7,0.1
1962,09,12.0,0.2
1962,10,9.4,0.2
1962,11,6.2,0.1
1962,12,3.9,0.0
1963,01,2.9,0.0
1963,02,4.0,0.1
1963,03,5.0,0.1
1963,04,8.1,0.0
1963,05,11.0,0.1
1963,06,13.4,0.0
1963,07,14.5,0.0
1963,08,14.3,0.0
1963,09,12.5,0.1
1963,10,9.9,0.0
1963,11,6.5,0.0
1963,12,3.7,0.0
1964,01,2.8,0.1
1964,02,3.0,0.1
1964,03,4.8,0.0
1964,04,7.9,0.0
1964,05,10.9,0.0
1964,06,13.4,0.0
1964,07,14.3,0.1
1964,08,13.6,0.1
1964,09,11.6,0.0
1964,10,8.8,0.0
1964,11,5.9,0.0
1964,12,3.4,0.0
1965,01,2.8,0.0
1965,02,3.0,0.0
1965,03,5.1,0.1
1965,04,7.9,0.0
1965,05,11.2,0.1
1965,06,13.3,0.2
1965,07,14.0,0.1
1965,08,13.8,0.0
1965,09,11.7,0.0
1965,10,9.4,0.0
1965,11,5.8,0.0
1965,12,3.7,0.0
1966,01,2.4,0.0
1966,02,3.2,0.1
1966,03,5.5,0.1
1966,04,8.1,0.0
1966,05,11.2,0.0
1966,06,13.5,0.1
1966,07,14.5,0.1
1966,08,13.7,0.1
1966,09,12.1,0.1
1966,10,9.1,0.0
1966,11,5.9,0.0
1966,12,3.3,0.0
1967,01,2.7,0.0
1967,02,2.9,0.1
1967,03,5.3,0.0
1967,04,8.4,0.1
1967,05,11.6,0.0
1967,06,13.1,0.0
1967,07,14.3,0.1
1967,08,13.8,0.1
1967,09,12.0,0.0
1967,10,9.8,0.0
1967,11,6.1,0.0
1967,12,3.9,0.0
1968,01,2.3,0.0
1968,02,3.2,0.1
1968,03,6.1,0.0
1968,04,8.4,0.1
1968,05,11.0,0.1
1968,06,13.2,0.1
1968,07,14.0,0.0
1968,08,13.5,0.0
1968,09,11.6,0.1
1968,10,9.4,0.1
1968,11,5.8,0.0
1968,12,3.2,0.0
1969,01,1.9,0.0
1969,02,2.4,0.0
1969,03,5.1,0.1
1969,04,8.5,0.1
1969,05,11.3,0.0
1969,06,13.4,0.1
1969,07,14.2,0.1
1969,08,13.8,0.0
1969,09,12.0,0.0
1969,10,9.4,0.0
1969,11,6.4,0.0
1969,12,4.2,0.0
1970,01,2.8,0.0
1970,02,3.7,0.0
1970,03,5.2,0.1
1970,04,8.6,0.0
1970,05,11.2,0.0
1970,06,13.5,0.0
1970,07,14.3,0.1
1970,08,13.6,0.0
1970,09,12.2,0.0
1970,10,9.3,0.0
1970,11,6.0,0.0
1970,12,3.5,0.0
1971,01,2.9,0.1
1971,02,2.8,0.1
1971,03,5.0,0.0
1971,04,8.3,0.0
1971,05,11.2,0.1
1971,06,13.0,0.1
1971,07,14.1,0.1
1971,08,13.8,0.0
1971,09,12.1,0.1
1971,10,9.3,0.1
1971,11,6.2,0.0
1971,12,3.8,0.0
1972,01,1.8,0.0
1972,02,2.6,0.1
1972,03,5.2,0.0
1972,04,8.3,0.0
1972,05,11.1,0.0
1972,06,13.5,0.1
1972,07,14.2,0.1
1972,08,14.1,0.0
1972,09,11.9,0.1
1972,10,9.3,0.1
1972,11,5.7,0.0
1972,12,3.7,0.0
1973,01,3.0,0.0
1973,02,3.8,0.1
1973,03,5.8,0.0
1973,04,8.9,0.1
1973,05,11.7,0.0
1973,06,13.8,0.0
1973,07,14.4,0.1
1973,08,13.8,0.1
1973,09,12.1,0.0
1973,10,9.6,0.0
1973,11,6.2,0.0
1973,12,3.8,0.0
1974,01,2.2,0.0
1974,02,2.5,0.1
1974,03,5.1,0.1
1974,04,8.3,0.0
1974,05,11.1,0.0
1974,06,13.3,0.1
1974,07,14.2,0.0
1974,08,14.0,0.1
1974,09,11.7,0.1
1974,10,9.0,0.0
1974,11,5.9,0.1
1974,12,3.5,0.1
1975,01,3.0,0.0
1975,02,3.3,0.1
1975,03,5.7,0.0
1975,04,8.5,0.0
1975,05,11.7,0.0
1975,06,13.5,0.1
1975,07,14.3,0.0
1975,08,13.5,0.2
1975,09,12.1,0.1
1975,10,9.3,0.0
1975,11,5.8,0.0
1975,12,3.6,0.0
1976,01,2.8,0.0
1976,02,3.0,0.0
1976,03,4.5,0.0
1976,04,8.2,0.0
1976,05,10.9,0.1
1976,06,13.0,0.1
1976,07,14.1,0.1
1976,08,13.5,0.1
1976,09,11.8,0.0
1976,10,8.5,0.1
1976,11,5.6,0.0
1976,12,3.6,0.0
1977,01,2.4,0.0
1977,02,3.4,0.1
1977,03,5.7,0.1
1977,04,8.8,0.0
1977,05,11.7,0.1
1977,06,13.8,0.1
1977,07,14.6,0.1
1977,08,14.0,0.0
1977,09,11.8,0.0
1977,10,9.1,0.0
1977,11,6.5,0.0
1977,12,3.7,0.0
1978,01,2.7,0.0
1978,02,3.4,0.1
1978,03,5.6,0.0
1978,04,8.7,0.0
1978,05,11.4,0.1
1978,06,13.2,0.1
1978,07,14.3,0.1
1978,08,13.2,0.0
1978,09,12.0,0.0
1978,10,9.3,0.0
1978,11,6.3,0.0
1978,12,3.7,0.0
1979,01,2.6,0.0
1979,02,2.8,0.0
1979,03,5.4,0.1
1979,04,8.4,0.0
1979,05,11.1,0.1
1979,06,13.4,0.0
1979,07,14.1,0.0
1979,08,13.8,0.0
1979,09,12.2,0.0
1979,10,9.5,0.0
1979,11,6.2,0.0
1979,12,4.6,0.0
1980,01,2.9,0.0
1980,02,3.6,0.0
1980,03,5.3,0.1
1980,04,8.9,0.1
1980,05,11.7,0.0
1980,06,13.5,0.1
1980,07,14.7,0.1
1980,08,14.1,0.2
1980,09,12.3,0.0
1980,10,9.5,0.0
1980,11,6.6,0.0
1980,12,4.0,0.0
1981,01,3.7,0.1
1981,02,4.0,0.1
1981,03,6.2,0.0
1981,04,8.9,0.0
1981,05,11.5,0.0
1981,06,13.7,0.1
1981,07,14.7,0.0
1981,08,14.5,0.0
1981,09,12.2,0.1
1981,10,9.3,0.0
1981,11,6.2,0.0
1981,12,4.5,0.0
1982,01,2.5,0.0
1982,02,3.2,0.0
1982,03,4.8,0.0
1982,04,8.4,0.0
1982,05,11.3,0.0
1982,06,13.2,0.0
1982,07,14.5,0.0
1982,08,13.7,0.0
1982,09,12.0,0.0
1982,10,9.2,0.0
1982,11,5.9,0.1
1982,12,4.3,0.1
1983,01,3.4,0.1
1983,02,3.8,0.1
1983,03,5.6,0.0
1983,04,8.6,0.0
1983,05,11.7,0.1
1983,06,13.4,0.1
1983,07,14.4,0.0
1983,08,14.3,0.0
1983,09,12.6,0.0
1983,10,9.4,0.0
1983,11,6.7,0.0
1983,12,3.8,0.0
1984,01,2.9,0.0
1984,02,3.0,0.1
1984,03,5.6,0.0
1984,04,8.4,0.1
1984,05,11.9,0.0
1984,06,13.3,0.1
1984,07,14.4,0.1
1984,08,13.9,0.0
1984,09,12.0,0.0
1984,10,9.3,0.0
1984,11,5.8,0.1
1984,12,3.1,0.0
1985,01,3.0,0.0
1985,02,2.7,0.0
1985,03,5.4,0.0
1985,04,8.6,0.0
1985,05,11.4,0.0
1985,06,13.5,0.1
1985,07,13.9,0.0
1985,08,14.0,0.0
1985,09,11.9,0.0
1985,10,9.3,0.0
1985,11,5.9,0.1
1985,12,3.7,0.1
1986,01,3.3,0.1
1986,02,3.9,0.1
1986,03,5.7,0.0
1986,04,8.8,0.0
1986,05,11.5,0.0
1986,06,13.4,0.0
1986,07,14.2,0.0
1986,08,13.9,0.0
1986,09,11.8,0.1
1986,10,9.2,0.0
1986,11,5.9,0.1
1986,12,3.7,0.0
1987,01,3.1,0.1
1987,02,4.1,0.0
1987,03,5.2,0.0
1987,04,8.5,0.0
1987,05,11.5,0.0
1987,06,13.9,0.0
1987,07,14.8,0.1
1987,08,13.8,0.1
1987,09,12.4,0.0
1987,10,9.5,0.0
1987,11,6.0,0.0
1987,12,4.4,0.0
1988,01,3.4,0.0
1988,02,3.4,0.0
1988,03,5.9,0.0
1988,04,8.9,0.0
1988,05,11.8,0.0
1988,06,14.0,0.0
1988,07,14.7,0.0
1988,08,14.5,0.1
1988,09,12.6,0.0
1988,10,9.9,0.0
1988,11,6.2,0.0
1988,12,4.3,0.0
1989,01,2.7,0.1
1989,02,3.6,0.0
1989,03,5.7,0.0
1989,04,8.6,0.1
1989,05,11.2,0.0
1989,06,13.4,0.1
1989,07,14.6,0.0
1989,08,14.1,0.0
1989,09,12.4,0.1
1989,10,9.7,0.0
1989,11,6.1,0.0
1989,12,4.4,0.0
1990,01,3.2,0.0
1990,02,3.6,0.0
1990,03,6.7,0.0
1990,04,9.1,0.0
1990,05,11.8,0.0
1990,06,13.8,0.0
1990,07,14.7,0.1
1990,08,14.0,0.0
1990,09,12.1,0.1
1990,10,9.8,0.0
1990,11,6.9,0.1
1990,12,4.4,0.0
1991,01,3.1,0.0
1991,02,4.0,0.0
1991,03,5.5,0.0
1991,04,9.2,0.0
1991,05,11.6,0.0
1991,06,14.2,0.0
1991,07,14.9,0.0
1991,08,14.3,0.0
1991,09,12.6,0.0
1991,10,9.7,0.0
1991,11,6.4,0.0
1991,12,4.0,0.0
1992,01,3.5,0.0
1992,02,3.9,0.1
1992,03,5.9,0.0
1992,04,8.5,0.0
1992,05,11.5,0.0
1992,06,13.5,0.0
1992,07,14.1,0.0
1992,08,13.7,0.0
1992,09,11.6,0.0
1992,10,9.3,0.0
1992,11,5.8,0.0
1992,12,4.0,0.1
1993,01,3.3,0.0
1993,02,3.7,0.0
1993,03,5.9,0.0
1993,04,8.6,0.0
1993,05,11.4,0.0
1993,06,13.5,0.0
1993,07,14.5,0.1
1993,08,13.8,0.0
1993,09,11.9,0.1
1993,10,9.6,0.0
1993,11,5.7,0.0
1993,12,4.0,0.0
1994,01,3.0,0.0
1994,02,2.8,0.1
1994,03,5.7,0.0
1994,04,9.0,0.0
1994,05,11.6,0.0
1994,06,14.1,0.0
1994,07,14.6,0.0
1994,08,13.9,0.0
1994,09,12.5,0.0
1994,10,10.0,0.0
1994,11,6.7,0.0
1994,12,4.1,0.0
1995,01,3.5,0.0
1995,02,4.6,0.0
1995,03,5.9,0.0
1995,04,8.9,0.0
1995,05,11.5,0.0
1995,06,14.1,0.0
1995,07,15.1,0.0
1995,08,14.6,0.0
1995,09,12.5,0.0
1995,10,10.1,0.0
1995,11,6.7,0.0
1995,12,4.1,0.0
1996,01,2.8,0.0
1996,02,4.0,0.1
1996,03,5.5,0.0
1996,04,8.6,0.0
1996,05,11.5,0.1
1996,06,13.6,0.0
1996,07,14.8,0.0
1996,08,14.6,0.0
1996,09,12.2,0.0
1996,10,9.5,0.0
1996,11,6.5,0.0
1996,12,4.3,0.0
1997,01,3.1,0.0
1997,02,3.7,0.0
1997,03,6.0,0.1
1997,04,8.8,0.0
1997,05,11.5,0.0
1997,06,14.1,0.0
1997,07,14.5,0.1
1997,08,14.2,0.0
1997,09,12.6,0.1
1997,10,10.1,0.0
1997,11,6.8,0.0
1997,12,4.4,0.0
1998,01,3.3,0.0
1998,02,4.8,0.1
1998,03,6.0,0.0
1998,04,9.3,0.0
1998,05,12.2,0.0
1998,06,14.5,0.1
1998,07,15.3,0.0
1998,08,14.8,0.0
1998,09,12.6,0.0
1998,10,9.9,0.0
1998,11,6.4,0.0
1998,12,4.6,0.0
1999,01,3.5,0.0
1999,02,4.6,0.0
1999,03,5.5,0.1
1999,04,8.8,0.0
1999,05,11.7,0.0
1999,06,14.0,0.0
1999,07,14.8,0.1
1999,08,14.3,0.0
1999,09,12.7,0.0
1999,10,9.9,0.0
1999,11,6.5,0.0
1999,12,4.5,0.0
2000,01,2.9,0.0
2000,02,4.1,0.0
2000,03,6.2,0.1
2000,04,9.5,0.0
2000,05,11.8,0.0
2000,06,14.0,0.1
2000,07,14.8,0.1
2000,08,14.5,0.0
2000,09,12.5,0.0
2000,10,9.4,0.0
2000,11,6.3,0.0
2000,12,3.8,0.0
2001,01,3.3,0.0
2001,02,3.7,0.1
2001,03,6.2,0.0
2001,04,9.2,0.0
2001,05,12.2,0.1
2001,06,14.1,0.0
2001,07,15.1,0.1
2001,08,14.4,0.1
2001,09,12.7,0.0
2001,10,9.9,0.0
2001,11,7.3,0.0
2001,12,4.5,0.0
2002,01,4.0,0.0
2002,02,4.7,0.0
2002,03,6.7,0.0
2002,04,9.2,0.0
2002,05,12.2,0.0
2002,06,14.0,0.0
2002,07,15.3,0.0
2002,08,14.5,0.0
2002,09,12.9,0.1
2002,10,9.9,0.0
2002,11,6.8,0.1
2002,12,4.0,0.0
2003,01,3.9,0.0
2003,02,4.0,0.0
2003,03,6.0,0.0
2003,04,9.1,0.0
2003,05,12.1,0.0
2003,06,14.0,0.1
2003,07,14.9,0.1
2003,08,14.6,0.0
2003,09,12.9,0.0
2003,10,10.4,0.0
2003,11,6.7,0.0
2003,12,5.1,0.0
2004,01,3.5,0.0
2004,02,4.4,0.1
2004,03,6.3,0.0
2004,04,9.2,0.0
2004,05,11.5,0.0
2004,06,13.8,0.0
2004,07,14.3,0.1
2004,08,14.1,0.1
2004,09,12.6,0.0
2004,10,10.1,0.0
2004,11,7.3,0.0
2004,12,4.2,0.0
2005,01,3.8,0.0
2005,02,3.9,0.1
2005,03,6.5,0.0
2005,04,9.6,0.0
2005,05,12.2,0.0
2005,06,14.4,0.0
2005,07,15.1,0.0
2005,08,14.5,0.0
2005,09,13.2,0.0
2005,10,10.6,0.0
2005,11,7.4,0.0
2005,12,4.8,0.0
2006,01,3.2,0.0
2006,02,4.4,0.1
2006,03,6.3,0.0
2006,04,9.0,0.0
2006,05,11.7,0.0
2006,06,14.4,0.0
2006,07,15.0,0.1
2006,08,14.9,0.1
2006,09,12.8,0.1
2006,10,10.2,0.0
2006,11,6.9,0.0
2006,12,4.9,0.0
2007,01,4.5,0.0
2007,02,4.2,0.0
2007,03,6.4,0.1
2007,04,9.8,0.1
2007,05,12.5,0.0
2007,06,14.3,0.0
2007,07,15.2,0.1
2007,08,14.7,0.1
2007,09,12.9,0.1
2007,10,10.3,0.1
2007,11,7.0,0.0
2007,12,4.5,0.0
2008,01,2.8,0.0
2008,02,3.5,0.0
2008,03,6.9,0.0
2008,04,9.2,0.0
2008,05,12.0,0.0
2008,06,14.1,0.0
2008,07,15.1,0.0
2008,08,14.3,0.1
2008,09,12.8,0.0
2008,10,10.3,0.0
2008,11,7.2,0.0
2008,12,4.3,0.0
2009,01,3.6,0.0
2009,02,4.0,0.0
2009,03,6.0,0.0
2009,04,9.3,0.0
2009,05,12.1,0.1
2009,06,14.2,0.0
2009,07,15.2,0.1
2009,08,14.6,0.1
2009,09,13.1,0.0
2009,10,10.1,0.0
2009,11,7.0,0.0
2009,12,4.3,0.0
2010,01,3.7,0.0
2010,02,4.3,0.0
2010,03,6.7,0.0
2010,04,9.6,0.0
2010,05,12.4,0.0
2010,06,14.4,0.0
2010,07,15.2,0.0
2010,08,14.7,0.1
2010,09,12.8,0.0
2010,10,10.4,0.0
2010,11,7.4,0.1
2010,12,4.2,0.0
2011,01,3.2,0.0
2011,02,3.7,0.0
2011,03,6.1,0.0
2011,04,9.4,0.0
2011,05,11.9,0.0
2011,06,14.3,0.0
2011,07,15.4,0.1
2011,08,15.0,0.0
2011,09,12.9,0.0
2011,10,10.3,0.0
2011,11,6.8,0.1
2011,12,4.6,0.1
2012,01,3.1,0.0
2012,02,3.6,0.1
2012,03,6.0,0.0
2012,04,9.6,0.0
2012,05,12.5,0.1
2012,06,14.4,0.0
2012,07,15.0,0.0
2012,08,14.7,0.0
2012,09,13.0,0.0
2012,10,10.4,0.0
2012,11,7.1,0.1
2012,12,4.1,0.0
2013,01,3.6,0.0
2013,02,4.2,0.0
2013,03,6.2,0.0
2013,04,9.0,0.0
2013,05,12.1,0.1
2013,06,14.5,0.0
2013,07,15.0,0.1
2013,08,14.7,0.1
2013,09,13.1,0.1
2013,10,10.2,0.0
2013,11,7.4,0.0
2013,12,4.7,0.0
2014,01,3.7,0.0
2014,02,3.5,0.0
2014,03,6.3,0.0
2014,04,9.5,0.1
2014,05,12.5,0.0
2014,06,14.3,0.0
2014,07,14.8,0.0
2014,08,14.8,0.1
2014,09,13.0,0.0
2014,10,10.3,0.0
2014,11,6.7,0.1
2014,12,4.8,0.0
2015,01,3.8,0.1
2015,02,4.6,0.1
2015,03,6.7,0.0
2015,04,9.3,0.0
2015,05,12.3,0.0
2015,06,14.5,0.0
2015,07,15.0,0.0
2015,08,14.7,0.0
2015,09,12.9,0.0
2015,10,10.8,0.1
2015,11,7.4,0.1
2015,12,5.5,0.1
